Tristan,Bouvier,null,"01 24 43 81 86",barthelemy.augustin@tele2.fr,Fossoyeur,"Riviere Schneider SARL",Martineau
Thierry,Fontaine,null,0750673293,kchauvin@noos.fr,Etainier,"Riviere Schneider SARL",Martineau
Georges,Samson,"08 21 27 29 91","+33 (0)9 88 87 87 19",andre.goncalves@giraud.com,"Assistant des ventes","Riviere Schneider SARL",Martineau
Audrey,Georges,"+33 1 55 18 31 37","04 61 27 43 83",gpasquier@yahoo.fr,"Rippeur spectacle","Martineau SARL",Picard
Suzanne,Dumont,null,0112707761,olivier71@munoz.fr,Appareilleur-gazier,"Martineau SARL",Picard
Théophile,Laurent,null,"+33 (0)5 12 54 04 31",edouard83@sfr.fr,"Cueilleur de cerises","Martineau SARL",Mahe
Zacharie,Texier,null,"08 25 53 73 28",margaux44@yahoo.fr,"Assistant styliste","Martineau SARL",Mahe
Hugues,Boutin,0111429216,0683432365,paul.regnier@valentin.com,"Billettiste voyages","Martineau SARL",Mahe
Eugène,Pires,null,"+33 3 09 63 78 70",njean@gmail.com,Bruiteur,"Martineau SARL",Mahe
Valentine,Paris,"09 26 39 71 28",0989470381,tristan.boucher@fischer.fr,Récupérateur,Langlois,Marty
Colette,Bruneau,null,"03 30 23 25 81",jleclercq@laposte.net,Dee-jay,Langlois,Marty
Théodore,Lemaire,null,0814374167,bonneau.alice@orange.fr,"Story boarder",Langlois,"De Sousa Labbe SAS"
Agnès,Lemonnier,"+33 3 81 42 56 75","02 74 36 46 43",louis93@live.com,Contrebassiste,Langlois,Marty
René,"Dos Santos",null,0414834750,honore43@boucher.fr,Liftier,Langlois,"De Sousa Labbe SAS"
Astrid,Leduc,null,0112030395,manon12@collin.net,Dégustateur,Langlois,"De Sousa Labbe SAS"
Roger,Charpentier,"04 50 80 76 62","+33 6 61 10 38 06",patricia40@boulanger.com,"Mouleur sable",Thomas,"Bourdon Parent S.A.R.L."
Véronique,Valette,"05 82 91 07 25",0226338637,nicole.vasseur@gmail.com,Moellonneur,Thomas,"Bourdon Parent S.A.R.L."
Jérôme,Devaux,null,"+33 (0)5 06 77 31 31",maillot.astrid@sfr.fr,"Rédacteur des débats",Thomas,"Bourdon Parent S.A.R.L."
Martin,Maurice,0593596248,"+33 1 76 70 99 05",jacqueline.albert@yahoo.fr,"Agent d'enquêtes",Thomas,"Bourdon Parent S.A.R.L."
Nathalie,Boulay,"+33 (0)5 63 26 23 96","+33 2 01 37 01 86",pascal.yves@barthelemy.com,Primeuriste,Thomas,"Perrin Morvan et Fils"
Victoire,Devaux,null,"01 80 68 95 24",iwagner@blanc.fr,Façadier-ravaleur,Thomas,"Bourdon Parent S.A.R.L."
Laure,Blanc,null,"08 98 13 29 40",marthe96@gmail.com,Etancheur-bardeur,Thomas,"Bourdon Parent S.A.R.L."
Matthieu,Mathieu,null,"08 95 66 95 29",joseph.louis@guilbert.com,Chanteur,Thomas,"Fournier Dupuy S.A."
Joseph,Rocher,null,"01 82 70 18 90",gerard48@petitjean.com,Embouteilleur,Thomas,"Bourdon Parent S.A.R.L."
Frédérique,Weber,null,0547293952,moulin.helene@yahoo.fr,"Délégué vétérinaire","Guillet S.A.R.L.","Sanchez Pons SAS"
Stéphane,Leger,0781598190,"+33 8 29 36 91 17",agnes.lagarde@vaillant.fr,"Gardien de résidence","Guillet S.A.R.L.","Sanchez Pons SAS"
Alix,Vaillant,0940359763,"+33 1 20 83 89 79",cecile80@didier.fr,Fraiseur,"Guillet S.A.R.L.","Sanchez Pons SAS"
Vincent,"Le Goff","05 08 00 67 11","+33 5 17 05 27 41",marty.caroline@club-internet.fr,"Responsable de salle",Goncalves,"Denis Lemonnier S.A.R.L."
Paulette,Seguin,"+33 6 58 77 62 21","+33 7 43 14 44 88",dorothee28@tele2.fr,"Styliste graphiste",Goncalves,"Denis Lemonnier S.A.R.L."
Suzanne,Charpentier,"09 21 64 08 25","02 60 40 04 88",theodore17@gros.com,"Vendeur en épicerie",Goncalves,"Ferreira Lucas et Fils"
Patrick,Rodrigues,"02 11 26 50 38",0752720979,edasilva@robin.com,Parqueteur,Goncalves,Laroche
Patrick,Raynaud,null,"01 24 22 36 70",salmon.emmanuel@morel.fr,Gynécologue,Goncalves,Laroche
Henri,Barre,null,"+33 (0)4 59 15 81 40",sebastien.fischer@club-internet.fr,Désamianteur,Goncalves,Laroche
Thierry,Letellier,0985017294,"+33 (0)8 91 51 34 84",brunet.antoine@tele2.fr,"Vendeur carreau",Goncalves,"Denis Lemonnier S.A.R.L."
Paul,Maillet,"04 58 87 60 14","01 67 67 46 56",emile96@hotmail.fr,"Story boarder",Goncalves,Laroche
Alexandre,Ferrand,null,0191159868,ygautier@martineau.fr,Maçon,Goncalves,Laroche
François,Jacob,"04 19 77 79 77","04 88 15 43 60",rolland.jerome@orange.fr,Sophrologue,Collin,Moreno
Vincent,Pons,"+33 8 97 79 62 93","+33 9 57 91 90 49",laurence94@live.com,"Médecin scolaire",Collin,Moreno
Guy,Guillon,null,"+33 (0)1 58 48 28 41",marianne22@club-internet.fr,Détective,Collin,Moreno
Sylvie,Morel,"05 00 56 10 89","+33 6 07 05 71 85",clerc.christelle@wanadoo.fr,"Services funéraires",Fournier,"Merle SAS"
Alix,Dupont,null,"01 45 19 82 27",margaud91@yahoo.fr,Paléontologue,Fournier,"Merle SAS"
Sébastien,Riou,"+33 (0)1 68 17 34 39",0899676404,monique11@laposte.net,"Chef des ventes",Fournier,"Merle SAS"
Pénélope,Peltier,null,"+33 5 41 70 07 18",simone91@roussel.org,"Chef de scierie","Gomes et Fils","Bouchet SA"
Théodore,Joubert,"+33 3 05 29 80 66","+33 2 90 46 98 16",susan56@laposte.net,"Preneur de son","Gomes et Fils","Bouchet SA"
Chantal,"Da Silva","+33 (0)6 15 70 48 36","+33 5 45 46 67 99",michaud.isabelle@ribeiro.com,"Technicien plateau","Gomes et Fils",Rey
Grégoire,Lambert,"+33 (0)1 81 63 88 93","+33 (0)9 78 78 03 75",hortense74@legoff.org,"Pilote automobile","Gomes et Fils",Rey
Anouk,Samson,null,"+33 2 77 51 99 44",robert94@sfr.fr,Surjeteur-raseur,"Gomes et Fils","Bouchet SA"
Madeleine,Samson,null,"01 33 33 12 23",bleveque@gonzalez.com,"Assistant de justice","Gomes et Fils",Rey
Virginie,Gay,"04 50 42 54 42",0472685610,couturier.monique@club-internet.fr,Stratifieur,Toussaint,Dumont
Agathe,Bigot,"+33 8 98 36 50 90","+33 (0)6 72 00 17 71",martinez.louis@couturier.org,Relieur-doreur,Toussaint,Bouvier
Grégoire,Boyer,0899262678,"+33 5 20 37 44 34",blanc.laurence@besnard.fr,Maçon,Toussaint,Bouvier
Geneviève,Chauvin,"08 93 23 72 96","09 35 01 99 03",remy.bonnet@live.com,Guitariste,Toussaint,Dumont
Guy,Besnard,null,"+33 (0)4 77 48 75 99",ferreira.margaux@rossi.fr,Recuiseur,Toussaint,Dumont
Jules,Lacroix,0779208071,"+33 (0)4 83 26 48 21",besnard.marianne@marques.fr,"Technicien énergie",Toussaint,Dumont
Augustin,Lemaitre,null,"+33 (0)8 99 82 91 37",brigitte97@leroux.fr,Maçon-fumiste,Toussaint,"Pineau Rodrigues S.A.R.L."
Nicolas,Labbe,null,"+33 (0)3 10 90 55 44",margaud00@noos.fr,"Vendeur en épicerie",Toussaint,Dumont
Julie,Baron,"+33 (0)8 28 96 75 90","+33 (0)6 43 98 43 76",martin52@brunet.com,"Agent de curage",Toussaint,Bouvier
Victor,Goncalves,null,"01 25 14 36 66",amelie46@dbmail.com,Bruiteur,Germain,Philippe
André,Lesage,"+33 (0)8 99 32 01 60","06 87 84 25 47",slaurent@noos.fr,Chansonnier,Germain,Bertrand
Pierre,Briand,null,0276316541,guyon.denis@dbmail.com,"Pilote de soutireuse",Germain,Philippe
Olivie,Ollivier,null,"+33 4 87 97 50 55",michele.joly@dbmail.com,Surjeteur-raseur,Germain,Philippe
Gabrielle,Aubert,"+33 (0)8 25 21 27 86","06 83 02 40 39",noel.mathilde@martins.com,"Eleveur de volailles",Germain,Philippe
Bertrand,Boutin,null,"+33 4 66 29 62 06",npichon@guillaume.org,Solier-moquettiste,Germain,Bertrand
Maryse,Pinto,null,0207543120,nicolas.guerin@rodrigues.com,"Technicien agricole","Pottier Bousquet S.A.","Denis Vincent SARL"
Lucie,Lejeune,null,"+33 4 17 71 26 53",delahaye.catherine@noos.fr,Magicien,"Pottier Bousquet S.A.","Denis Vincent SARL"
Dominique,Camus,null,"06 97 79 70 92",gilbert58@tanguy.fr,"Chef monteur son","Pottier Bousquet S.A.","Couturier SA"
Virginie,Wagner,null,0991700919,leger.maryse@pruvost.com,"Styliste graphiste","Pottier Bousquet S.A.","Denis Vincent SARL"
Patricia,Rodrigues,"+33 (0)1 66 84 80 64","+33 (0)1 81 16 80 37",rguillou@nicolas.fr,Endivier,"Pottier Bousquet S.A.","Couturier SA"
Émilie,Picard,"+33 (0)2 83 75 53 65","07 60 94 31 16",francois64@parent.com,"Médecin scolaire","Pottier Bousquet S.A.","Denis Vincent SARL"
Jérôme,Bigot,null,"+33 (0)1 50 03 14 51",deoliveira.brigitte@courtois.fr,"Porteur de hottes","Paris Dos Santos et Fils",Mace
Arnaude,Georges,null,0897947455,leleu.antoinette@yahoo.fr,Elastiqueur,"Paris Dos Santos et Fils",Mace
Yves,Bouvet,null,"+33 (0)5 70 58 28 14",patrick.rodriguez@auger.com,Porion,"Paris Dos Santos et Fils","Benard Benard et Fils"
Antoine,Imbert,"+33 9 13 91 50 29","+33 8 24 02 60 03",herve.celine@chevallier.org,"Opérateur de plateau","Paris Dos Santos et Fils",Mace
David,Delorme,"05 91 86 05 11","+33 (0)8 91 73 97 47",emile.prevost@peron.org,"Ingénieur logistique","Paris Dos Santos et Fils","Benard Benard et Fils"
Robert,Legros,null,"+33 (0)2 16 49 64 27",hortense.alves@bonnin.com,"Eleveur d'insectes","Paris Dos Santos et Fils","Benard Benard et Fils"
Alexandre,Dijoux,null,"+33 (0)5 51 73 73 20",denise84@lelievre.fr,"Trieur de métaux","Duhamel S.A.R.L.","Lambert SAS"
Anouk,Dufour,"01 30 44 30 76","08 01 61 96 85",jeanne.remy@orange.fr,Costumier-habilleur,"Duhamel S.A.R.L.","Lambert SAS"
Émilie,Thibault,"+33 (0)9 38 03 37 97",0408588899,alix55@lamy.net,Géomètre,"Duhamel S.A.R.L.","Lambert SAS"
Aimé,Simon,null,"+33 6 97 49 96 25",celine81@tele2.fr,"Chargé de recherche","Duhamel S.A.R.L.","Lambert SAS"
Emmanuel,Raymond,null,"08 99 40 99 19",astrid.dumont@barthelemy.com,"Assistant de justice","Duhamel S.A.R.L.","Lambert SAS"
Virginie,Weber,null,"07 78 36 90 93",zgiraud@gmail.com,Hématologue,"Duhamel S.A.R.L.","Lambert SAS"
Émile,Hardy,0978765669,"+33 5 63 49 90 97",lucy42@wanadoo.fr,"Piqueur en ganterie",Laroche,Marin
Julien,Roche,null,"+33 1 61 66 76 66",margot34@laposte.net,Quincaillier,Laroche,"Gimenez Weiss SA"
Joséphine,Carlier,null,"+33 8 10 83 42 77",qdelannoy@wanadoo.fr,Auteur-adaptateur,Laroche,Marin
Colette,Delannoy,"+33 (0)7 64 52 22 94",0949374440,maryse58@free.fr,Monteur-frigoriste,Laroche,Marin
Henriette,Laurent,null,"06 28 66 19 03",duhamel.theophile@moreau.com,"Céramiste concepteur",Laroche,"Gimenez Weiss SA"
Chantal,Klein,null,"03 57 55 14 71",zoe56@laposte.net,"Designer produit",Laroche,Marin
Bernard,Coste,"+33 (0)1 92 75 63 03","+33 3 59 47 62 12",antoinette.didier@lemaitre.com,Poissonnier-traiteur,Leclercq,"Sanchez SARL"
Robert,Leleu,"+33 3 51 68 88 80","+33 7 50 86 79 45",marty.marc@yahoo.fr,"Poseur de granit",Leclercq,"Sanchez SARL"
Adrienne,Moreno,"+33 7 91 38 30 70","+33 4 68 52 40 69",adam.camille@tele2.fr,Diététique,Leclercq,"Baron Texier et Fils"
Marine,"De Sousa",null,0950418089,leon22@becker.org,"Porteur de hottes",Leclercq,"Baron Texier et Fils"
Julie,Rodrigues,"+33 9 52 38 07 21","+33 7 67 56 45 29",marguerite.thierry@lacroix.fr,"Régleur funéraire",Leclercq,"Sanchez SARL"
Alix,Pereira,null,"+33 4 40 45 30 60",remy48@gmail.com,Bûcheron,Leclercq,"Baron Texier et Fils"
Stéphane,Grondin,"+33 (0)4 31 50 82 26","+33 (0)4 26 83 35 50",denis.salmon@live.com,"Pédicure pour bovin","Ribeiro Laporte SA","Bonnet Delorme SAS"
Daniel,Bourdon,"08 13 51 92 75","05 55 93 13 56",isabelle.meyer@live.com,"Gendarme mobile","Ribeiro Laporte SA",Boulay
Richard,Payet,0812077027,"07 65 66 65 82",bernard58@wanadoo.fr,"Convoyeur garde","Ribeiro Laporte SA","Bonnet Delorme SAS"
Marine,Mary,0918919320,0686939646,gillet.capucine@free.fr,"Garçon de hall","Ribeiro Laporte SA","David SARL"
Jean,Lelievre,null,"02 27 62 42 99",aimee.alexandre@carlier.com,Géodésien,"Ribeiro Laporte SA","Bonnet Delorme SAS"
Aurore,Gauthier,0102398358,0802544253,hlanglois@thierry.fr,Etainier,"Ribeiro Laporte SA","David SARL"
Étienne,Munoz,null,0899619072,ileleu@noel.fr,Chasseur-bagagiste,"Ribeiro Laporte SA",Boulay
Henriette,Briand,null,0968860996,guyot.aimee@dbmail.com,"Délégué à la tutelle","Ribeiro Laporte SA","David SARL"
Michel,Barbe,0246829995,"+33 (0)2 45 27 17 00",igoncalves@barthelemy.org,"Plaquiste enduiseur","Ribeiro Laporte SA","David SARL"
Georges,Dias,null,0264461754,lucas.alice@dbmail.com,"Géomètre du cadastre",Muller,"Benoit Charles SA"
Patrick,Allard,"+33 6 46 66 78 79",0116735049,noemi.perez@yahoo.fr,Danseur,Muller,"Benoit Charles SA"
Suzanne,Brunel,null,"+33 3 58 33 67 46",marguerite26@texier.com,Feutier,Muller,"Remy S.A."
Susan,Guyon,null,"+33 (0)2 22 23 25 41",schneider.richard@gmail.com,Maçonnerie,Muller,"Benoit Charles SA"
Isaac,Torres,null,"+33 1 30 58 77 15",vdossantos@orange.fr,Chasseur-bagagiste,Muller,"Benoit Charles SA"
Hortense,Tessier,"09 58 13 96 01","+33 (0)4 25 08 66 36",marie.jourdan@free.fr,Sertisseur,Muller,"Benoit Charles SA"
Christiane,Guyon,0444537498,0525031787,denise39@tele2.fr,Palefrenier,Valette,Alexandre
Thibaut,Bodin,null,"+33 (0)1 44 77 39 07",alexandria99@mahe.com,"Jointeur de placage",Valette,"Michaud Dijoux S.A."
Michelle,Guibert,null,0925268573,idurand@club-internet.fr,"Chef monteur son",Valette,Alexandre
Frédérique,Morel,"+33 3 97 57 33 12","+33 9 41 58 80 29",thibault.catherine@marchand.fr,"Convoyeur garde",Valette,Alexandre
Adélaïde,Andre,"+33 2 88 77 32 07",0914970338,patricia62@yahoo.fr,"Opérateur vidéo",Valette,Alexandre
Inès,Martins,null,"+33 2 62 03 01 50",alexandrie.pottier@dbmail.com,Chanteur,Valette,Alexandre
Maggie,Fernandes,null,"+33 1 50 84 81 28",pichon.marianne@dbmail.com,Staffeur,Joseph,"Francois Potier S.A."
Pauline,Alves,"+33 (0)4 80 50 50 88","05 98 33 79 99",ledoux.franck@ramos.fr,Staffeur,Joseph,"Humbert SAS"
Amélie,Chartier,"02 26 80 46 71","+33 (0)2 32 53 11 93",victor78@dbmail.com,"Vendeur carreau",Joseph,"Francois Potier S.A."
Denise,Delmas,null,"+33 1 17 90 22 23",benjamin.salmon@maillard.com,Pédopsychiatre,Joseph,"Francois Potier S.A."
Alfred,Fournier,"+33 (0)6 92 61 27 54","+33 (0)6 66 35 56 71",alex.aubry@allard.com,"Modéliste industriel",Joseph,"Humbert SAS"
Raymond,Collet,null,"05 82 38 09 60",tessier.marcel@dbmail.com,"Praticiens médicaux",Joseph,"Francois Potier S.A."
Gilles,Bouvier,null,"05 99 09 56 47",audrey.ferrand@olivier.fr,"Ouvrier d'abattoir","David Faivre S.A.R.L.",Pineau
Jacques,Delannoy,null,"+33 4 27 43 46 36",marguerite.lemoine@wagner.com,Sapeur-pompier,"David Faivre S.A.R.L.",Pineau
Charlotte,"Da Silva",null,0584266482,gdijoux@laporte.fr,"Conseiller culinaire","David Faivre S.A.R.L.",Alexandre
Alphonse,Fouquet,null,"02 49 36 48 77",lorraine.boutin@lefort.fr,Portier,"David Faivre S.A.R.L.",Alexandre
Olivier,Brun,null,"+33 (0)2 95 21 45 09",cpinto@jean.com,"Plaquiste enduiseur","David Faivre S.A.R.L.",Alexandre
Gabrielle,Roy,null,"08 95 11 36 12",franck.lefort@club-internet.fr,Flaconneur,"David Faivre S.A.R.L.",Pineau
Brigitte,Pineau,"+33 6 68 64 47 27","+33 2 33 05 23 97",lenoir.marcelle@noos.fr,Ravaleur-ragréeur,Bonneau,"Delorme Lacroix SA"
Pauline,Vallee,null,0378150999,roussel.louise@wanadoo.fr,"Responsable télécoms",Bonneau,Boutin
Maggie,Gautier,0778294377,"+33 1 94 30 77 80",michelle.gerard@ledoux.fr,Géomètre,Bonneau,Olivier
Michelle,Pages,null,"03 70 61 88 36",anastasie17@duval.fr,"Preneur de son",Bonneau,Boutin
Luc,Chretien,0107833667,"04 43 31 75 11",francois.eugene@laposte.net,"Praticiens médicaux",Bonneau,Olivier
Camille,Joubert,null,0224479220,monique.louis@barthelemy.net,"Story boarder",Bonneau,"Delorme Lacroix SA"
Luc,Foucher,null,"+33 2 75 36 17 20",marianne.marechal@hotmail.fr,"Verrier à main levée",Bonneau,Boutin
Auguste,Klein,null,"06 04 58 83 77",fdupont@hotmail.fr,"Sculpteur sur verre",Bonneau,"Delorme Lacroix SA"
Caroline,Hardy,null,"06 27 00 32 42",yves39@monnier.com,Maïeuticien,Bonneau,"Delorme Lacroix SA"
Isabelle,Texier,"+33 1 84 41 32 96","01 31 82 58 00",tjoly@lefebvre.org,"Moniteur de sport","Delorme Camus S.A.","Goncalves S.A.S."
Claude,Letellier,"+33 (0)2 01 49 43 30","07 34 53 14 67",alexandrie.begue@wanadoo.fr,"Pilote automobile","Delorme Camus S.A.","Gregoire S.A."
Nath,Menard,"08 99 58 79 40","+33 1 32 11 98 20",brigitte21@hotmail.fr,Surjeteur-raseur,"Delorme Camus S.A.","Gregoire S.A."
Juliette,Texier,null,0619710336,delannoy.simone@yahoo.fr,Séismologue,"Delorme Camus S.A.","Goncalves S.A.S."
Xavier,Maillet,null,"04 90 23 12 46",ulegoff@ollivier.fr,Sophrologue,"Delorme Camus S.A.",Schneider
Émilie,Berger,null,"+33 (0)5 71 91 05 61",virginie.julien@tele2.fr,Parqueteur,"Delorme Camus S.A.","Gregoire S.A."
Mathilde,Deschamps,null,"+33 5 42 60 62 47",louise43@laposte.net,Semencier,"Delorme Camus S.A.","Gregoire S.A."
Monique,Martins,null,"+33 (0)1 49 96 17 43",alphonse.pottier@andre.fr,"Maquilleur spectacle","Delorme Camus S.A.","Gregoire S.A."
Robert,Ollivier,0136316604,"02 39 67 95 48",constance67@regnier.com,"Facteur de clavecins","Delorme Camus S.A.",Schneider
Madeleine,Fernandes,"01 71 51 85 69","04 43 47 12 61",aime46@jacques.fr,Fossoyeur,"Garcia SA",Roussel
Martin,Riou,null,"+33 (0)9 70 13 22 99",renee.lemonnier@traore.fr,Gériatre,"Garcia SA",Roussel
Roland,Lacroix,"03 71 39 93 37","+33 3 37 42 44 23",christophe80@gmail.com,Logopède,"Garcia SA",Roussel
Théodore,Etienne,null,"02 62 41 37 73",qmartineau@orange.fr,"Conducteur de jumbo",Dumas,"Courtois SARL"
Patrick,Bonnin,null,0202873779,charrier.luce@leconte.fr,Facteur,Dumas,"Courtois SARL"
Robert,Normand,"+33 (0)2 48 52 13 53","08 95 58 27 08",tlecoq@hoareau.fr,"Responsable de salle",Dumas,Marchand
Margot,Roussel,null,0656695339,bleclercq@gmail.com,"Opérateur du son",Dumas,Marchand
Bertrand,Pons,0571302888,"+33 (0)9 37 16 95 22",valentine25@giraud.net,Etiqueteur,Dumas,"Courtois SARL"
Jeanne,Arnaud,null,"01 56 87 31 51",lucas.claudine@wanadoo.fr,"Assistant logistique",Dumas,Marchand
Laetitia,Ollivier,null,"+33 (0)1 65 38 05 88",bertrand45@dasilva.fr,"Mouleur sable","Chevallier S.A.R.L.",Carre
Aimée,Boulanger,0508294424,"+33 7 48 13 72 28",hortense08@royer.net,Monteur-frigoriste,"Chevallier S.A.R.L.","Wagner Gaillard S.A.R.L."
Patrick,Gillet,null,"+33 7 70 59 60 89",traore.renee@ferrand.com,"Clerc hors rang","Chevallier S.A.R.L.","Wagner Gaillard S.A.R.L."
Alix,Traore,"+33 (0)1 62 10 61 67","+33 1 31 70 67 49",isaac.fouquet@laposte.net,Toiliste,"Chevallier S.A.R.L.","Wagner Gaillard S.A.R.L."
Roger,Maurice,0171119614,"07 56 36 48 84",mdelmas@ramos.com,"Preneur de son","Chevallier S.A.R.L.",Carre
Arnaude,Mendes,"+33 (0)7 60 32 87 77","07 52 24 30 93",marcelle.lemonnier@club-internet.fr,"Chef monteur son","Chevallier S.A.R.L.",Carre
Pauline,Colin,"+33 2 78 78 76 14","+33 (0)9 10 14 88 02",leroux.brigitte@club-internet.fr,Instituteur,Lebrun,"Jourdan SAS"
Paul,Prevost,0425065956,0551249901,dijoux.philippe@moreau.com,"Agent d'accueil",Lebrun,"Vincent S.A."
Agathe,Lenoir,null,"04 10 05 79 31",bernier.corinne@noos.fr,Récupérateur,Lebrun,"Jourdan SAS"
Françoise,Arnaud,null,"09 13 72 68 00",dorothee.leveque@baron.fr,"Revenue Manager",Lebrun,"Vincent S.A."
Charles,Wagner,null,"+33 (0)2 67 93 01 03",faivre.madeleine@club-internet.fr,"Coach sportif",Lebrun,"Jourdan SAS"
Claudine,Marchand,"04 42 53 14 03",0949265909,pottier.capucine@hotmail.fr,Etancheur,Lebrun,"Vincent S.A."
Hélène,"Le Goff",null,"+33 9 28 76 33 35",antoine70@marin.fr,"Convoyeur garde",Laine,Ramos
Michèle,Barre,null,"+33 (0)8 93 92 29 34",claire.bourgeois@salmon.org,"Ingénieur géologue",Laine,Ramos
Thibaut,Leroux,"03 87 60 57 93","+33 (0)4 90 05 90 72",bodin.ines@orange.fr,Auteur-adaptateur,Laine,Ramos
Robert,Simon,null,"+33 6 76 89 62 24",legendre.sebastien@gautier.com,"Trieur de métaux","Leclerc et Fils",Fouquet
Olivier,Meunier,null,"03 61 97 56 64",julien.olivier@cohen.fr,Cameraman,"Leclerc et Fils",Huet
Margaret,Gros,null,"+33 (0)4 92 03 84 23",denise.perrin@dijoux.fr,Chiropraticien,"Leclerc et Fils",Huet
Emmanuel,Lebon,null,0113988117,regnier.oceane@jacques.com,Lexicographe,"Leclerc et Fils",Huet
Yves,Millet,"+33 5 79 11 97 56","+33 4 55 55 45 18",raymond81@tele2.fr,Vidéo-jockey,"Leclerc et Fils",Huet
Bertrand,Gautier,0944862068,0960978355,gmasson@boutin.fr,"Monteur de fermettes","Leclerc et Fils",Huet
Claudine,Lebrun,null,"+33 1 90 63 11 69",daubert@hotmail.fr,Elastiqueur,Lambert,"Perrier Bousquet SA"
Laetitia,Faivre,"03 28 65 96 62","+33 (0)9 20 58 59 20",mtessier@letellier.com,"Mouleur sable",Lambert,"Pelletier S.A.R.L."
Élodie,Rodrigues,"+33 7 74 71 63 73","+33 8 95 82 41 68",marc.huet@tele2.fr,"Chef du personnel",Lambert,"Perrier Bousquet SA"
Charles,Martel,"+33 (0)1 83 84 71 11","+33 (0)1 35 19 52 09",boulay.margaux@vallet.fr,Etancheur,Lambert,"Pelletier S.A.R.L."
Emmanuel,Bouvet,"03 69 61 96 82","+33 (0)3 38 57 26 96",theophile.perrin@briand.org,"Chef des ventes",Lambert,"Pelletier S.A.R.L."
Arthur,Lambert,null,"08 95 16 51 35",pires.adrien@dbmail.com,"Doreur sur métaux",Lambert,Fouquet
Nicolas,"Le Goff",null,"01 10 69 72 51",ulegall@tele2.fr,"Chef de fabrication",Lambert,Fouquet
Claude,Wagner,null,"+33 (0)8 99 26 74 66",cecile.fabre@laposte.net,"Verrier à main levée",Lambert,"Pelletier S.A.R.L."
Brigitte,Herve,"+33 6 07 97 63 78","+33 (0)2 54 67 51 04",etienne.luc@hardy.fr,"Artificier spectacle",Lambert,Fouquet
